INS,DATE,OP,HIG,LOW,CLS,VOL,TOVR,NOTR,VWAP,CIT,CIV,CITR,COT,COV,COTR,CHG,PCHG,PCLS,ANN,SACT,PRV,LTP,MCAP,BBP,BAP
0,20180102,20.7,20.7,20.7,20.7,102,2111.4,2,20.700001,0.0,0,0,2111.4,102,2,-0.3,-1.43,21.0,0,null,null,20.7,7.7625E9,20.6,21.4
0,20180103,21.2,21.2,21.2,21.2,1998,42357.6,2,21.200001,42357.6,1998,2,0.0,0,0,0.5,2.42,20.7,0,null,null,21.2,7.95E9,20.6,21.4
0,20180104,21.9,21.9,21.9,21.9,1,21.9,1,21.9,21.9,1,1,0.0,0,0,0.7,3.3,21.2,0,null,null,21.9,7.95E9,20.9,21.9
0,20180105,21.9,21.9,20.9,21.0,3200,67330.0,5,21.040001,46330.0,2200,4,21000.0,1000,1,-0.2,-0.94,21.2,0,null,null,21.0,7.875E9,20.9,21.9
0,20180108,21.9,23.5,21.9,22.0,54593,1242741.2,58,22.76,1022511.2,44693,48,220230.0,9900,10,1.0,4.76,21.0,0,null,null,22.0,8.2875E9,21.2,22.5
0,20180110,22.0,22.0,21.6,21.6,1651,35746.3,5,21.65,0.0,0,0,35746.3,1651,5,-0.5,-2.26,22.1,0,null,null,21.6,8.1E9,21.3,22.5
0,20180111,21.4,21.5,21.0,21.4,25400,544174.0,10,21.42,525250.0,24500,7,18924.0,900,3,-0.2,-0.93,21.6,0,null,null,21.4,8.0625E9,21.0,22.4
0,20180112,22.4,22.4,21.0,21.4,38068,812782.2,8,21.35,12228.2,568,3,800553.99,37500,5,-0.1,-0.47,21.5,0,null,null,21.4,8.025E9,21.0,22.3
0,20180116,21.0,21.6,20.5,21.6,13400,279730.0,8,20.879999,0.0,0,0,279730.0,13400,8,0.2,0.93,21.4,0,null,null,21.6,7.8E9,20.6,22.3
0,20180117,21.0,22.0,21.0,21.4,12700,271650.0,4,21.389999,261150.0,12200,3,10500.0,500,1,0.6,2.88,20.8,0,null,null,21.4,8.025E9,20.6,22.0
0,20180118,21.5,21.5,21.5,21.5,17,365.5,1,21.5,365.5,17,1,0.0,0,0,0.1,0.47,21.4,0,null,null,21.5,8.025E9,20.6,21.5
0,20180122,21.9,22.5,21.9,22.5,22138,496102.5,33,22.41,496102.5,22138,33,0.0,0,0,1.1,5.14,21.4,0,null,null,22.5,8.4375E9,21.1,22.5
0,20180124,22.5,22.8,22.0,22.5,515697,1.166358E7,35,22.620001,1.074594235E7,474913,16,917637.5,40784,19,0.0,0.0,22.5,0,null,null,22.5,8.4375E9,21.1,22.9
0,20180125,22.8,22.8,22.5,22.5,5767,129763.5,3,22.5,130219.5,5787,4,0.0,0,0,0.0,0.0,22.5,0,null,null,22.5,8.4375E9,21.1,22.9
0,20180126,22.5,22.5,22.0,22.0,62940,1388150.0,5,22.059999,266150.0,11940,3,1122000.0,51000,2,-0.5,-2.22,22.5,0,null,null,22.0,8.25E9,21.7,22.5
0,20180129,22.4,22.4,22.4,22.4,2100,47040.0,2,22.4,47040.0,2100,2,0.0,0,0,0.4,1.82,22.0,0,null,null,22.4,8.4E9,21.8,22.5
0,20180130,22.4,22.4,22.0,22.0,186695,4107330.0,7,22.0,6640.0,300,2,4100690.0,186395,5,-0.4,-1.79,22.4,0,null,null,22.0,8.25E9,21.8,22.4
0,20180202,22.5,23.5,22.5,23.0,11404,261174.0,13,22.9,254274.0,11104,12,6900.0,300,1,1.0,4.55,22.0,0,null,null,23.0,8.7375E9,22.1,23.5
0,20180206,22.1,22.2,22.1,22.2,1400,31040.0,2,22.17,0.0,0,0,31040.0,1400,2,-1.1,-4.72,23.3,0,null,null,22.2,8.325E9,22.1,23.0
0,20180207,22.1,22.1,22.1,22.1,100,2210.0,1,22.1,2210.0,100,1,0.0,0,0,-0.1,-0.45,22.2,0,null,null,22.1,8.2875E9,21.7,23.0
0,20180208,21.7,21.7,21.0,21.0,1100,23715.5,5,21.559999,0.0,0,0,23715.5,1100,5,-1.1,-4.98,22.1,0,null,null,21.0,8.1E9,21.0,22.8
0,20180214,21.6,23.5,21.6,23.0,101898,2380955.7,88,23.370001,1933049.69,82667,60,447906.0,19231,28,1.4,6.48,21.6,0,null,null,23.0,8.775E9,21.1,23.8
0,20180215,23.8,24.0,22.3,23.0,121094,2812541.0,72,23.23,1792596.5,76401,47,1393165.0,60920,33,-0.4,-1.71,23.4,0,null,null,23.0,8.625E9,22.0,23.6
0,20180216,23.6,23.6,22.5,23.0,289033,6593561.7,65,22.809999,1533205.22,65323,50,5060356.49,223710,15,0.0,0.0,23.0,0,null,null,23.0,8.55E9,22.7,23.3
0,20180219,23.3,23.3,22.5,22.5,182910,4122121.5,32,22.540001,2593846.99,115090,13,1528274.51,67820,19,-0.3,-1.32,22.8,0,null,null,22.5,8.4375E9,22.1,23.3
0,20180220,22.1,22.9,22.1,22.9,28001,630059.5,12,22.5,28239.5,1255,8,601820.0,26746,4,0.4,1.78,22.5,0,null,null,22.9,8.4375E9,22.5,22.9
0,20180221,22.9,23.0,22.9,23.0,1830,42080.0,6,22.99,28165.0,1225,4,13915.0,605,2,0.5,2.22,22.5,0,null,null,23.0,8.625E9,22.8,23.2
0,20180222,22.8,22.9,22.6,22.6,10825,244797.5,7,22.610001,2290.0,100,1,242507.5,10725,6,-0.4,-1.74,23.0,0,null,null,22.6,8.475E9,22.5,22.9
0,20180223,22.9,22.9,22.6,22.6,1032,23341.2,7,22.620001,1374.0,60,2,21967.2,972,5,0.0,0.0,22.6,0,null,null,22.6,8.475E9,22.5,22.9
0,20180226,22.7,22.7,22.5,22.5,15347,346319.4,9,22.57,0.0,0,0,346319.4,15347,9,-0.1,-0.44,22.6,0,null,null,22.5,8.4375E9,22.3,22.9
0,20180227,22.6,22.9,22.6,22.9,1900,43201.0,6,22.74,43201.0,1900,6,0.0,0,0,0.4,1.78,22.5,0,null,null,22.9,8.5875E9,22.5,22.9
0,20180228,22.9,23.4,22.6,22.6,277073,6305584.0,55,22.76,1282516.09,55851,41,5023068.06,221222,14,-0.3,-1.31,22.9,0,null,null,22.6,8.5125E9,22.5,23.0
0,20180302,23.0,25.0,23.0,24.0,177076,4352183.7,122,24.58,2830200.39,115110,85,1521983.31,61966,37,1.3,5.73,22.7,0,null,null,24.0,9.0E9,23.9,24.9
0,20180305,24.1,24.9,24.1,24.7,9807,242924.1,19,24.77,211012.6,8502,12,31911.5,1305,7,0.7,2.92,24.0,0,null,null,24.7,9.2625E9,24.5,24.9
0,20180306,24.8,24.9,24.3,24.9,49452,1217362.5,51,24.620001,693692.29,27993,35,523670.19,21459,16,0.2,0.81,24.7,0,null,null,24.9,9.3E9,23.9,25.0
0,20180307,24.1,24.4,23.6,24.0,30046,723157.6,25,24.07,388230.01,16050,9,334927.6,13996,16,-0.8,-3.23,24.8,0,null,null,24.0,9.0E9,23.5,25.0
0,20180308,24.9,24.9,24.0,24.5,20200,492625.0,11,24.389999,492625.0,20200,11,0.0,0,0,0.5,2.08,24.0,0,null,null,24.5,9.1875E9,23.5,24.7
0,20180309,23.5,24.7,23.5,24.7,1150,27205.0,4,23.66,3705.0,150,1,23500.0,1000,3,0.2,0.82,24.5,0,null,null,24.7,9.2625E9,23.5,24.7
0,20180312,23.7,24.5,23.7,24.5,1040,25472.0,3,24.49,735.0,30,1,24737.0,1010,2,-0.2,-0.81,24.7,0,null,null,24.5,9.1875E9,23.7,24.6
0,20180313,24.5,24.6,24.0,24.1,13360,321216.0,13,24.040001,89783.0,3717,5,231433.0,9643,8,-0.4,-1.63,24.5,0,null,null,24.1,9.0E9,24.1,24.6
0,20180314,24.4,24.4,24.0,24.0,5608,135102.8,13,24.09,24400.0,1000,1,110702.8,4608,12,0.0,0.0,24.0,0,null,null,24.0,9.0E9,23.5,24.6
0,20180315,24.5,24.5,24.0,24.0,3352,80754.0,6,24.09,56754.0,2352,5,24000.0,1000,1,0.0,0.0,24.0,0,null,null,24.0,9.0E9,23.5,24.4
0,20180316,24.0,24.0,24.0,24.0,558,13392.0,3,24.0,120.0,5,1,13272.0,553,2,0.0,0.0,24.0,0,null,null,24.0,9.0E9,22.6,24.3
0,20180319,24.2,24.2,24.0,24.0,12001,288024.2,8,24.0,288024.2,12001,8,0.0,0,0,0.0,0.0,24.0,0,null,null,24.0,9.0E9,22.6,24.3
0,20180320,23.0,24.0,23.0,23.1,7111,168443.1,10,23.690001,98620.0,4110,4,69823.1,3001,6,-0.9,-3.75,24.0,0,null,null,23.1,8.925E9,23.0,24.3
0,20180321,23.0,23.3,23.0,23.3,702,16206.4,7,23.09,2323.1,101,2,13883.3,601,5,-0.5,-2.1,23.8,0,null,null,23.3,8.6625E9,23.0,24.0
0,20180322,23.2,23.9,23.2,23.9,1551,36018.9,3,23.219999,2320.0,100,1,33698.9,1451,2,0.8,3.46,23.1,0,null,null,23.9,8.7E9,23.3,24.0
0,20180323,23.5,23.5,23.5,23.5,1,23.5,1,23.5,23.5,1,1,0.0,0,0,0.3,1.29,23.2,0,null,null,23.5,8.7E9,23.3,23.9
0,20180326,23.5,23.9,23.2,23.3,2883,67274.4,15,23.33,19462.9,831,4,47811.5,2052,11,0.1,0.43,23.2,0,null,null,23.3,8.7375E9,23.0,23.9
0,20180327,23.2,23.2,23.0,23.0,12700,292610.0,10,23.040001,118450.0,5150,6,174160.0,7550,4,-0.3,-1.29,23.3,0,null,null,23.0,8.625E9,22.7,23.0
0,20180328,23.0,23.0,22.1,22.5,1180,26680.0,7,22.610001,20830.0,920,4,5850.0,260,3,-0.5,-2.17,23.0,0,null,null,22.5,8.4375E9,22.1,22.7
0,20180329,22.6,22.7,22.6,22.6,18990,430618.0,8,22.68,343269.01,15125,6,87349.0,3865,2,0.1,0.44,22.5,0,null,null,22.6,8.475E9,22.4,23.0
0,20180402,22.4,22.5,22.0,22.5,7389,164246.6,11,22.23,16871.6,759,4,147375.0,6630,7,-0.1,-0.44,22.6,0,null,null,22.5,8.4375E9,22.0,23.0
0,20180403,22.5,22.5,22.0,22.0,2000,44160.0,5,22.08,44160.0,2000,5,0.0,0,0,-0.5,-2.22,22.5,0,null,null,22.0,8.25E9,21.8,23.0
0,20180404,22.0,22.0,22.0,22.0,50,1100.0,1,22.0,0.0,0,0,1100.0,50,1,0.0,0.0,22.0,0,null,null,22.0,8.25E9,22.0,22.9
0,20180405,22.9,25.0,22.9,24.1,145917,3525249.6,62,24.16,3258141.5,134836,57,267108.1,11081,5,2.1,9.55,22.0,0,null,null,24.1,9.0375E9,22.0,24.5
0,20180406,23.1,24.0,23.1,24.0,3100,71800.0,4,23.16,0.0,0,0,71800.0,3100,4,-0.1,-0.41,24.1,0,null,null,24.0,8.7375E9,23.3,24.5
0,20180409,23.3,24.0,23.3,24.0,4505,108108.8,12,24.0,108108.8,4505,12,0.0,0,0,0.7,3.0,23.3,0,null,null,24.0,9.0E9,23.3,24.4
0,20180410,24.4,24.4,23.5,23.8,29849,712875.7,17,23.879999,130965.7,5399,12,657639.98,27650,9,-0.2,-0.83,24.0,0,null,null,23.8,8.925E9,23.5,24.5
0,20180411,24.0,24.0,23.8,23.8,1936,46164.0,3,23.85,9984.0,416,1,36180.0,1520,2,0.0,0.0,23.8,0,null,null,23.8,8.925E9,23.5,24.5
0,20180412,23.6,24.3,23.5,24.3,400,9571.0,4,23.93,0.0,0,0,9571.0,400,4,0.5,2.1,23.8,0,null,null,24.3,8.9625E9,23.7,24.3
0,20180416,24.3,24.3,23.6,23.6,11535,274752.4,9,23.82,53784.0,2216,2,220968.4,9319,7,-0.3,-1.26,23.9,0,null,null,23.6,8.8875E9,23.6,24.0
0,20180417,24.0,24.5,23.6,23.6,1430,34302.0,10,23.99,34207.6,1426,9,94.4,4,1,-0.1,-0.42,23.7,0,null,null,23.6,9.0E9,23.6,24.4
0,20180418,23.6,24.3,23.6,24.3,5850,138130.0,6,23.610001,121610.0,5150,4,16520.0,700,2,0.3,1.25,24.0,0,null,null,24.3,9.1125E9,23.7,24.4
0,20180419,24.0,24.3,24.0,24.3,10000,242997.0,5,24.299999,242756.99,9990,4,240.0,10,1,0.0,0.0,24.3,0,null,null,24.3,9.1125E9,23.7,24.2
0,20180420,23.7,23.8,23.7,23.8,60,1423.0,2,23.719999,238.0,10,1,1185.0,50,1,-0.5,-2.06,24.3,0,null,null,23.8,9.1125E9,23.7,24.2
0,20180423,24.2,24.3,24.0,24.0,47627,1153820.3,11,24.23,1153820.3,47627,11,0.0,0,0,-0.3,-1.23,24.3,0,null,null,24.0,9.1125E9,23.7,24.3
0,20180424,24.3,24.3,23.8,23.8,1430,34179.0,6,23.9,7047.0,290,2,27132.0,1140,4,-0.5,-2.06,24.3,0,null,null,23.8,8.925E9,23.7,24.3
0,20180427,24.1,24.1,24.0,24.0,9525,228602.5,4,24.0,228602.5,9525,4,0.0,0,0,0.2,0.84,23.8,0,null,null,24.0,9.0E9,23.7,24.3
0,20180501,24.0,24.0,24.0,24.0,554,13296.0,4,24.0,2016.0,84,1,11280.0,470,3,0.0,0.0,24.0,0,null,null,24.0,9.0E9,24.0,24.2
0,20180502,24.0,24.0,24.0,24.0,6050,145200.0,5,24.0,20400.0,850,1,124800.0,5200,4,0.0,0.0,24.0,0,null,null,24.0,9.0E9,24.0,24.3
0,20180504,24.0,24.0,24.0,24.0,1260,30240.0,6,24.0,240.0,10,1,30000.0,1250,5,0.0,0.0,24.0,0,null,null,24.0,9.0E9,23.7,24.2
0,20180508,24.0,24.0,24.0,24.0,1050,25200.0,2,24.0,25200.0,1050,2,0.0,0,0,0.0,0.0,24.0,0,null,null,24.0,9.0E9,23.7,24.2
0,20180509,24.0,24.0,23.7,23.7,3100,74370.0,3,23.99,74370.0,3100,3,0.0,0,0,-0.3,-1.25,24.0,0,null,null,23.7,8.8875E9,23.5,24.1
0,20180510,23.6,24.3,23.6,24.3,120347,2889155.0,25,24.01,375731.0,15621,8,2513424.0,104726,17,0.6,2.53,23.7,0,null,null,24.3,9.0E9,23.5,24.5
0,20180511,24.5,24.8,24.5,24.5,17981,440840.5,16,24.52,440840.5,17981,16,0.0,0,0,0.5,2.08,24.0,0,null,null,24.5,9.1875E9,24.1,24.6
0,20180514,24.5,24.7,24.3,24.4,21400,521846.0,9,24.389999,521845.99,21400,9,0.0,0,0,-0.1,-0.41,24.5,0,null,null,24.4,9.15E9,24.0,24.7
0,20180515,24.4,25.3,24.4,24.5,118851,2914850.6,50,24.530001,246030.9,9956,23,2668819.7,108895,27,0.1,0.41,24.4,0,null,null,24.5,9.1875E9,24.5,25.2
0,20180516,25.0,26.4,25.0,25.9,223403,5752688.6,142,25.75,4856414.5,188874,107,896274.1,34529,35,1.4,5.71,24.5,0,null,null,25.9,9.7125E9,25.0,26.0
0,20180517,26.0,26.0,25.0,25.4,83243,2107787.3,40,25.32,458088.7,17720,15,1649698.61,65523,25,-0.5,-1.93,25.9,0,null,null,25.4,9.4125E9,25.0,26.0
0,20180518,25.3,26.0,25.3,25.8,65122,1680092.7,46,25.799999,1570162.16,60811,38,109930.5,4311,8,0.7,2.79,25.1,0,null,null,25.8,9.675E9,25.7,25.9
0,20180521,26.1,26.3,25.8,25.9,41633,1086218.5,33,26.09,892988.6,34233,23,309880.0,11900,15,0.1,0.39,25.8,0,null,null,25.9,9.675E9,25.8,25.9
0,20180522,25.8,26.0,25.4,25.9,123321,3192548.1,62,25.889999,2975730.98,114845,56,216817.1,8476,6,0.1,0.39,25.8,0,null,null,25.9,9.75E9,25.4,26.0
0,20180523,25.4,25.9,25.4,25.4,1301,33194.9,8,25.51,10411.1,404,6,22783.8,897,2,-0.6,-2.31,26.0,0,null,null,25.4,9.525E9,25.0,25.8
0,20180524,25.1,25.7,25.1,25.7,81050,2074955.0,4,25.6,1050955.02,41050,3,1024000.02,40000,1,0.3,1.18,25.4,0,null,null,25.7,9.6E9,25.2,25.5
0,20180525,25.4,25.7,25.0,25.7,12402,311555.0,16,25.120001,53360.0,2102,4,258195.0,10300,12,0.1,0.39,25.6,0,null,null,25.7,9.6375E9,24.7,25.8
0,20180528,25.5,25.5,24.8,24.8,3283,83201.5,7,25.34,54121.5,2133,4,29080.0,1150,3,-0.9,-3.5,25.7,0,null,null,24.8,9.3E9,24.7,24.8
0,20180530,24.7,24.7,24.2,24.3,95500,2318630.0,16,24.280001,0.0,0,0,2318629.96,95500,16,-0.5,-2.02,24.8,0,null,null,24.3,9.1125E9,24.2,25.5
0,20180531,24.1,24.5,24.1,24.4,40000,977080.0,13,24.43,585479.99,24000,8,391600.0,16000,5,0.1,0.41,24.3,0,null,null,24.4,9.15E9,24.1,25.4
0,20180601,25.4,25.4,25.4,25.4,100,2540.0,1,25.4,2540.0,100,1,0.0,0,0,1.0,4.1,24.4,0,null,null,25.4,9.525E9,24.1,25.4
0,20180604,24.6,24.6,24.0,24.0,55845,1343624.0,42,24.059999,21600.0,900,6,1322024.0,54945,36,-1.4,-5.51,25.4,0,null,null,24.0,9.0E9,23.6,25.3
0,20180605,25.0,25.2,24.2,24.9,37041,922830.0,52,24.91,723405.0,28941,42,199425.0,8100,10,0.9,3.75,24.0,0,null,null,24.9,9.3E9,24.1,25.2
0,20180606,24.5,24.5,24.5,24.5,15000,367500.0,7,24.5,0.0,0,0,367500.0,15000,7,-0.3,-1.21,24.8,0,null,null,24.5,9.1875E9,24.1,24.3
0,20180607,24.3,24.5,24.3,24.5,12800,313540.0,11,24.5,313540.0,12800,11,0.0,0,0,0.0,0.0,24.5,0,null,null,24.5,9.1875E9,24.1,24.5
0,20180608,24.1,24.1,23.6,24.0,24855,591440.4,26,23.799999,136800.0,5700,8,454640.41,19155,18,-0.5,-2.04,24.5,0,null,null,24.0,8.8875E9,23.5,24.3
0,20180611,24.0,24.0,23.5,23.5,4951,118323.5,10,23.9,94800.0,3950,8,23523.5,1001,2,-0.2,-0.84,23.7,0,null,null,23.5,8.85E9,23.5,24.2
0,20180612,24.2,24.2,23.9,24.0,13250,318000.0,10,24.0,318000.0,13250,10,0.0,0,0,0.4,1.69,23.6,0,null,null,24.0,8.85E9,23.5,24.2
0,20180613,24.2,24.2,23.5,23.5,14090,331595.0,9,23.530001,26320.0,1100,3,305275.0,12990,6,-0.5,-2.08,24.0,0,null,null,23.5,8.8125E9,23.3,24.2
0,20180614,24.0,24.0,24.0,24.0,100,2400.0,1,24.0,2400.0,100,1,0.0,0,0,0.5,2.13,23.5,0,null,null,24.0,9.0E9,23.3,24.2
0,20180618,23.3,23.5,23.1,23.5,3822,89281.2,9,23.360001,56400.0,2400,2,32881.2,1422,7,-0.5,-2.08,24.0,0,null,null,23.5,8.8125E9,23.2,24.0
0,20180619,23.2,23.8,23.0,23.7,7662,176644.6,12,23.049999,284.6,12,3,176360.0,7650,9,0.2,0.85,23.5,0,null,null,23.7,8.8125E9,23.1,23.7
0,20180620,23.5,23.5,22.6,22.9,14135,324342.1,11,22.950001,1972.8,84,4,322369.3,14051,7,-0.3,-1.29,23.2,0,null,null,22.9,8.7E9,22.2,23.0
0,20180621,23.0,23.0,22.5,22.9,2733,61518.2,8,22.51,758.2,33,4,60760.0,2700,4,0.3,1.33,22.6,0,null,null,22.9,8.4375E9,22.5,23.0
0,20180622,23.0,23.0,23.0,23.0,20725,476675.0,10,23.0,413448.0,17976,7,63227.0,2749,3,0.5,2.22,22.5,0,null,null,23.0,8.625E9,22.5,23.6
0,20180625,22.7,23.0,22.5,23.0,6500,147100.0,5,22.629999,34500.0,1500,1,112600.0,5000,4,0.0,0.0,23.0,0,null,null,23.0,8.475E9,22.2,23.6
0,20180626,23.6,23.6,21.8,21.8,158407,3487178.1,44,22.01,1118295.1,50753,16,2368883.0,107654,28,-0.8,-3.54,22.6,0,null,null,21.8,8.25E9,21.7,23.6
0,20180628,23.2,23.2,22.0,22.0,23011,506254.9,10,22.0,378654.9,17211,6,127600.0,5800,4,0.0,0.0,22.0,0,null,null,22.0,8.25E9,21.7,22.8
0,20180629,23.3,24.0,21.7,22.9,43510,974839.2,18,0.0,0.0,0,0,0.0,0,0,0.0,0.0,0.0,0,null,null,0.0,0.0,0.0,0.0
0,20180702,22.0,23.0,22.0,22.0,27302,601470.0,10,22.030001,37148.0,1651,3,564322.0,25651,7,-0.4,-1.79,22.4,0,null,null,22.0,8.25E9,21.6,22.0
0,20180703,21.8,22.5,21.6,22.5,559,12179.5,5,21.790001,2451.5,109,2,9728.0,450,3,0.5,2.27,22.0,0,null,null,22.5,8.175E9,21.5,23.0
0,20180704,23.0,23.0,21.5,21.7,40694,884151.7,14,21.73,441486.7,20294,10,442665.02,20400,4,-0.1,-0.46,21.8,0,null,null,21.7,8.1375E9,21.5,22.5
0,20180705,22.0,23.0,21.9,23.0,67768,1490836.5,27,22.0,1490836.5,67768,27,0.0,0,0,1.3,5.99,21.7,0,null,null,23.0,8.25E9,21.5,23.0
0,20180706,22.0,23.0,21.5,22.9,1997,43347.9,7,21.709999,34695.9,1602,5,8652.0,395,2,0.9,4.09,22.0,0,null,null,22.9,8.2125E9,21.6,23.0
0,20180709,21.7,21.7,21.7,21.7,15,325.5,1,21.700001,325.5,15,1,0.0,0,0,-0.2,-0.91,21.9,0,null,null,21.7,8.2125E9,21.7,23.0
0,20180710,23.0,23.0,21.7,21.7,1676,36390.1,11,21.709999,13538.8,623,7,22851.3,1053,4,-0.2,-0.91,21.9,0,null,null,21.7,8.1375E9,21.6,22.9
0,20180711,22.9,22.9,22.7,22.7,1551,35507.9,3,22.889999,35507.9,1551,3,0.0,0,0,1.0,4.61,21.7,0,null,null,22.7,8.5875E9,21.7,22.9
0,20180713,22.9,23.0,22.7,23.0,36355,836013.6,15,23.0,807493.6,35115,12,28520.0,1240,3,0.1,0.44,22.9,0,null,null,23.0,8.625E9,21.7,23.3
0,20180716,22.9,22.9,22.9,22.9,250,5725.0,1,22.9,0.0,0,0,5725.0,250,1,-0.1,-0.43,23.0,0,null,null,22.9,8.5875E9,21.8,22.9
0,20180717,22.9,23.0,22.9,23.0,30279,696342.0,13,23.0,696342.0,30279,13,0.0,0,0,0.1,0.44,22.9,0,null,null,23.0,8.625E9,21.8,23.0
0,20180718,23.0,23.0,23.0,23.0,450,10350.0,2,23.0,10350.0,450,2,0.0,0,0,0.0,0.0,23.0,0,null,null,23.0,8.625E9,22.1,23.0
0,20180720,22.4,23.0,22.4,22.9,48,1095.5,4,22.82,1095.5,48,4,0.0,0,0,-0.1,-0.43,23.0,0,null,null,22.9,8.625E9,22.2,22.9
0,20180723,22.9,24.0,22.5,23.0,32832,753063.6,17,22.940001,292927.4,12826,8,460136.2,20006,9,0.0,0.0,23.0,0,null,null,23.0,8.625E9,22.5,23.0
0,20180724,23.0,23.2,22.9,23.0,88918,2045514.0,40,23.0,1024222.0,44514,17,1021292.0,44404,23,0.0,0.0,23.0,0,null,null,23.0,8.625E9,22.6,23.0
0,20180725,23.0,24.0,23.0,23.1,99493,2300753.0,30,23.120001,738366.0,31972,19,1562387.03,67521,11,0.1,0.43,23.0,0,null,null,23.1,8.7E9,23.0,24.0
0,20180726,24.0,24.4,23.1,23.5,123439,2887768.2,43,23.389999,854650.0,35909,23,2033118.22,87530,20,0.3,1.29,23.2,0,null,null,23.5,8.85E9,23.6,24.4
0,20180730,23.6,24.4,23.5,24.1,118021,2803532.2,47,23.75,1468368.61,61598,21,1335163.61,56423,26,0.5,2.12,23.6,0,null,null,24.1,9.0E9,24.0,24.5
0,20180731,24.5,25.4,24.0,25.4,234595,5813539.8,78,24.780001,4086895.58,164496,53,1726644.2,70099,25,1.4,5.83,24.0,0,null,null,25.4,9.375E9,24.5,25.4
0,20180801,25.0,25.3,25.0,25.0,103507,2588154.0,45,25.0,367145.0,14669,16,2221009.0,88838,29,0.0,0.0,25.0,0,null,null,25.0,9.375E9,24.5,25.4
0,20180802,24.7,25.3,24.7,25.3,39605,1000596.5,30,25.26,298478.69,11829,12,702117.78,27776,18,0.3,1.2,25.0,0,null,null,25.3,9.4875E9,24.7,25.4
0,20180803,25.4,25.4,25.0,25.0,55758,1393990.0,35,25.0,47640.0,1904,11,1346350.0,53854,24,-0.3,-1.19,25.3,0,null,null,25.0,9.375E9,24.7,25.2
0,20180806,24.9,25.0,24.7,24.7,26012,648298.9,33,24.92,306721.5,12286,12,341577.4,13726,21,-0.3,-1.2,25.0,0,null,null,24.7,9.3375E9,24.7,24.9
0,20180807,24.9,25.1,24.9,25.0,217408,5434213.1,53,25.0,3442062.6,137709,24,1992150.5,79699,29,0.1,0.4,24.9,0,null,null,25.0,9.375E9,25.0,25.2
0,20180808,25.2,25.5,25.0,25.5,66400,1665870.2,23,25.09,564470.2,22350,16,1101400.0,44050,7,0.5,2.0,25.0,0,null,null,25.5,9.4125E9,25.1,25.5
0,20180809,25.5,26.0,25.5,26.0,92013,2384805.2,38,25.92,2371925.18,91508,34,12880.0,505,4,0.9,3.59,25.1,0,null,null,26.0,9.75E9,25.1,26.4
0,20180810,26.1,26.2,26.0,26.2,31868,831810.3,21,26.1,744776.71,28537,16,87033.6,3331,5,0.2,0.77,26.0,0,null,null,26.2,9.7875E9,25.6,26.4
0,20180813,25.6,26.7,25.6,26.7,76616,2018320.3,58,26.34,1883373.71,71454,48,134946.6,5162,10,0.6,2.3,26.1,0,null,null,26.7,9.9375E9,25.8,26.8
0,20180814,26.8,26.8,26.0,26.4,32756,858498.0,30,26.209999,106978.0,4060,11,751520.01,28696,19,-0.1,-0.38,26.5,0,null,null,26.4,9.75E9,25.9,26.5
0,20180815,26.5,26.5,25.8,26.3,51444,1330765.1,16,25.870001,213150.0,8210,7,1117615.08,43234,9,0.3,1.15,26.0,0,null,null,26.3,9.75E9,25.6,26.4
0,20180816,26.4,26.8,26.0,26.3,53358,1407651.9,38,26.379999,695041.3,26239,22,712610.6,27119,16,0.3,1.15,26.0,0,null,null,26.3,9.75E9,25.6,26.8
0,20180817,26.0,26.0,26.0,26.0,8525,221650.0,4,0.0,0.0,0,0,0.0,0,0,0.0,0.0,0.0,0,null,null,0.0,0.0,0.0,0.0
0,20180820,26.3,26.3,25.0,25.0,72450,1822783.0,25,25.16,244995.0,9694,9,1577788.01,62756,16,-1.0,-3.85,26.0,0,null,null,25.0,9.4125E9,24.1,25.9
0,20180821,25.8,25.8,24.6,25.0,14160,353435.0,19,24.959999,45405.0,1760,10,308030.0,12400,9,-0.1,-0.4,25.1,0,null,null,25.0,9.3E9,24.6,25.8
0,20180823,24.7,24.8,24.7,24.8,125,3089.0,2,24.709999,0.0,0,0,3089.0,125,2,0.0,0.0,24.8,0,null,null,24.8,9.2625E9,24.7,25.8
0,20180824,24.7,25.8,24.7,24.8,13453,337173.5,25,25.059999,246066.5,9793,18,91107.0,3660,7,0.1,0.4,24.7,0,null,null,24.8,9.3E9,24.7,25.8
0,20180827,25.0,25.8,24.8,25.0,11202,279089.0,18,24.91,67855.8,2721,11,211233.2,8481,7,0.2,0.81,24.8,0,null,null,25.0,9.3E9,24.7,25.4
0,20180828,25.6,25.6,24.3,24.5,10045,247752.5,15,24.66,47453.0,1910,5,200299.5,8135,10,-0.3,-1.21,24.8,0,null,null,24.5,9.1875E9,24.2,25.8
0,20180829,25.0,25.5,25.0,25.4,29956,748942.5,4,25.0,5167.5,205,3,743775.0,29751,1,0.9,3.67,24.5,0,null,null,25.4,9.375E9,24.1,25.4
0,20180830,25.4,25.8,24.7,25.8,2920,73062.0,6,25.02,25562.0,1020,4,47500.0,1900,2,0.8,3.2,25.0,0,null,null,25.8,9.4125E9,24.5,25.8
0,20180831,25.8,25.8,24.5,25.8,4710,117830.0,9,25.02,117580.0,4700,8,250.0,10,1,0.7,2.79,25.1,0,null,null,25.8,9.45E9,25.0,25.8
0,20180903,25.8,25.8,25.8,25.8,988,25490.4,4,25.799999,25490.4,988,4,0.0,0,0,0.6,2.38,25.2,0,null,null,25.8,9.675E9,25.0,25.8
0,20180904,26.0,26.0,25.1,25.5,86704,2184109.1,29,25.190001,1683540.82,66771,16,500568.31,19933,13,-0.3,-1.16,25.8,0,null,null,25.5,9.5625E9,25.2,25.8
0,20180905,25.2,25.6,25.1,25.6,23140,582876.0,12,25.190001,256.0,10,1,582620.02,23130,11,0.1,0.39,25.5,0,null,null,25.6,9.6E9,25.2,25.6
0,20180906,25.8,25.8,25.1,25.5,21601,546739.8,14,25.309999,470263.8,18601,12,76476.0,3000,2,0.3,1.19,25.2,0,null,null,25.5,9.5625E9,25.1,25.6
0,20180910,25.5,26.5,25.5,26.4,62725,1631393.0,63,26.01,670647.8,25624,27,972445.2,37551,37,0.9,3.53,25.5,0,null,null,26.4,9.9375E9,26.0,26.5
0,20180911,26.5,27.5,26.5,27.0,186206,5020912.5,73,26.959999,4062978.28,150621,46,957934.2,35585,27,0.5,1.89,26.5,0,null,null,27.0,1.0125E10,26.7,27.2
0,20180912,27.2,28.0,27.1,27.9,156501,4300368.5,61,27.48,2198222.5,79626,47,2102146.05,76875,14,0.9,3.33,27.0,0,null,null,27.9,1.035E10,27.1,27.9
0,20180913,27.9,27.9,27.2,27.3,5851,161742.3,15,27.639999,121204.3,4361,10,40538.0,1490,5,-0.3,-1.09,27.6,0,null,null,27.3,1.02375E10,27.1,28.1
0,20180914,28.0,28.0,26.6,27.4,8300,225345.7,21,27.15,38440.0,1400,6,186905.7,6900,15,0.1,0.37,27.3,0,null,null,27.4,1.00875E10,26.5,27.4
0,20180917,26.6,27.4,26.6,27.4,3100,82540.0,3,26.629999,2740.0,100,1,79800.0,3000,2,0.5,1.86,26.9,0,null,null,27.4,1.0275E10,26.5,27.4
0,20180918,26.6,26.8,25.9,26.6,23970,628310.0,10,26.209999,183712.0,6920,4,444598.0,17050,6,-0.8,-2.92,27.4,0,null,null,26.6,1.005E10,25.2,27.4
0,20180919,27.3,27.3,27.0,27.0,75530,2039372.3,43,27.0,715859.3,26511,24,1323513.0,49019,19,0.2,0.75,26.8,0,null,null,27.0,1.0125E10,26.0,27.4
0,20180920,27.3,27.3,26.5,27.0,56366,1514061.0,56,26.860001,276181.0,10226,13,1237880.0,46140,43,0.0,0.0,27.0,0,null,null,27.0,1.0125E10,26.5,27.4
0,20180921,26.6,27.0,26.6,27.0,36505,975340.7,35,26.719999,147563.0,5490,9,827777.72,31015,26,0.0,0.0,27.0,0,null,null,27.0,1.00125E10,26.7,27.4
0,20180925,27.0,27.0,25.5,27.0,7821,200966.0,10,25.700001,60706.0,2321,7,140260.0,5500,3,0.3,1.12,26.7,0,null,null,27.0,9.6E9,25.6,27.0
0,20180926,26.1,27.0,26.0,26.1,98941,2576516.0,13,26.040001,109105.2,4041,5,2467410.8,94900,8,0.5,1.95,25.6,0,null,null,26.1,9.75E9,26.1,27.0
0,20180927,27.0,27.0,26.0,26.7,24844,660882.2,17,26.6,655679.21,24644,15,5203.0,200,2,0.7,2.69,26.0,0,null,null,26.7,9.975E9,26.0,27.0
0,20180928,26.1,26.1,26.1,26.1,1000,26100.0,1,26.1,0.0,0,0,26100.0,1000,1,-0.5,-1.88,26.6,0,null,null,26.1,9.7875E9,26.2,27.0
0,20181001,26.5,26.9,26.5,26.5,25069,669643.1,29,26.709999,211688.3,7877,13,457954.8,17192,16,0.4,1.53,26.1,0,null,null,26.5,9.9375E9,26.2,27.0
0,20181002,26.2,26.9,26.2,26.9,103431,2712265.9,9,26.219999,92265.9,3431,4,2620000.08,100000,5,0.4,1.51,26.5,0,null,null,26.9,1.00875E10,26.3,26.9
0,20181003,26.5,27.0,26.5,27.0,69103,1845239.8,30,26.700001,754900.0,28000,18,1090339.8,41103,12,0.1,0.37,26.9,0,null,null,27.0,1.0125E10,26.6,27.0
0,20181004,27.0,27.0,26.7,27.0,40125,1080039.0,13,26.92,1072029.01,39825,12,8010.0,300,1,0.0,0.0,27.0,0,null,null,27.0,1.00125E10,26.7,26.9
0,20181005,26.9,27.0,26.9,26.9,6500,174860.0,5,26.9,174860.0,6500,5,0.0,0,0,0.2,0.75,26.7,0,null,null,26.9,1.00875E10,26.7,26.9
0,20181008,26.9,27.8,26.9,27.5,102197,2759727.6,31,27.0,2759727.6,102197,31,0.0,0,0,0.6,2.23,26.9,0,null,null,27.5,1.0125E10,27.0,27.5
0,20181009,27.5,27.9,27.3,27.5,68747,1890453.2,40,27.5,1890453.2,68747,40,0.0,0,0,0.5,1.85,27.0,0,null,null,27.5,1.03125E10,27.2,27.8
0,20181010,27.3,27.5,27.3,27.3,5425,148167.5,7,27.309999,0.0,0,0,148167.5,5425,7,-0.2,-0.73,27.5,0,null,null,27.3,1.02375E10,27.2,27.8
0,20181011,27.2,27.2,26.7,26.9,22706,612430.4,10,26.969999,0.0,0,0,612430.4,22706,10,-0.4,-1.47,27.3,0,null,null,26.9,1.0125E10,26.7,27.4
0,20181012,27.4,27.5,26.8,26.8,3500,95800.0,3,27.370001,95800.0,3500,3,0.0,0,0,-0.2,-0.74,27.0,0,null,null,26.8,1.005E10,26.9,27.5
0,20181015,26.9,27.0,26.9,27.0,20581,555667.0,8,27.0,538549.0,19947,6,17118.0,634,2,0.2,0.75,26.8,0,null,null,27.0,1.0125E10,26.9,27.5
0,20181016,27.0,27.0,26.6,27.0,19728,531930.8,20,26.959999,195750.0,7250,9,336180.8,12478,11,0.0,0.0,27.0,0,null,null,27.0,1.0125E10,26.6,27.0
0,20181017,27.0,27.5,27.0,27.5,142397,3872289.3,51,27.190001,1350850.3,49700,30,2521438.98,92697,21,0.5,1.85,27.0,0,null,null,27.5,1.0275E10,26.9,27.5
0,20181018,27.5,27.5,27.2,27.2,20237,550765.3,10,27.219999,29232.5,1063,4,521532.81,19174,6,-0.2,-0.73,27.4,0,null,null,27.2,1.02E10,27.1,27.5
0,20181019,27.1,27.5,27.0,27.5,39300,1062950.0,16,27.049999,226320.0,8350,4,836630.0,30950,12,0.3,1.1,27.2,0,null,null,27.5,1.02E10,27.1,27.5
0,20181022,27.4,27.7,27.4,27.5,156130,4283679.0,21,27.440001,492794.0,17920,9,3790884.96,138210,12,0.3,1.1,27.2,0,null,null,27.5,1.03125E10,27.1,27.8
0,20181023,27.3,30.0,27.3,28.2,71819,1979713.1,23,27.57,466097.6,16674,15,1513615.49,55145,8,0.7,2.55,27.5,0,null,null,28.2,1.0575E10,28.2,29.9
0,20181025,29.9,29.9,29.0,29.4,30174,883732.2,59,29.290001,517419.6,17582,40,366312.6,12592,19,1.2,4.26,28.2,0,null,null,29.4,1.09875E10,28.6,29.5
0,20181026,29.4,30.9,29.4,30.0,385448,1.15622923E7,196,30.0,8095053.2,269764,119,3467239.13,115684,77,0.7,2.39,29.3,0,null,null,30.0,1.1325E10,29.5,30.9
0,20181029,31.0,32.0,29.7,30.7,169205,5081402.8,54,30.030001,696942.8,22164,20,4384460.07,147041,34,0.5,1.66,30.2,0,null,null,30.7,1.15125E10,29.7,31.0
0,20181030,31.0,31.0,29.9,29.9,39114,1189202.0,31,30.4,747083.0,24374,20,442119.0,14740,11,-0.8,-2.61,30.7,0,null,null,29.9,1.12125E10,29.8,30.7
0,20181031,29.8,31.0,29.8,30.9,84765,2601466.8,34,30.690001,2570348.76,83735,31,31118.0,1030,3,1.0,3.34,29.9,0,null,null,30.9,1.15875E10,30.3,31.0
0,20181101,31.0,31.4,31.0,31.0,30771,956022.0,60,31.07,461687.5,14851,31,494334.5,15920,29,0.1,0.32,30.9,0,null,null,31.0,1.1625E10,30.6,31.3
0,20181102,31.3,31.8,30.0,31.3,227861,7109894.2,52,31.200001,3557876.2,112948,25,3552018.0,114913,27,0.3,0.97,31.0,0,null,null,31.3,1.17375E10,30.7,31.6
0,20181105,31.3,31.5,30.0,30.0,7343,222262.8,19,30.27,59134.0,1920,9,163128.8,5423,10,-1.3,-4.15,31.3,0,null,null,30.0,1.125E10,30.0,31.5
0,20181107,31.0,31.1,30.5,31.1,47012,1451997.5,43,30.889999,669158.5,21641,21,782839.0,25371,22,1.1,3.67,30.0,0,null,null,31.1,1.1625E10,30.0,31.5
0,20181108,31.9,33.3,31.9,33.2,275543,8941179.4,220,32.450001,5151829.92,158143,112,3789349.5,117400,108,2.2,7.1,31.0,0,null,null,33.2,1.2375E10,31.9,33.3
0,20181109,33.3,35.0,33.3,34.9,299740,1.02661735E7,137,34.25,9369945.32,273223,118,896228.21,26517,19,1.9,5.76,33.0,0,null,null,34.9,1.305E10,34.5,34.9
0,20181112,34.9,34.9,33.3,34.0,135138,4539983.6,72,33.599998,535184.61,15790,21,4004799.04,119348,51,-0.8,-2.3,34.8,0,null,null,34.0,1.26375E10,33.1,34.0
0,20181113,33.5,33.5,32.7,33.4,1016907,3.35542063E7,88,33.0,1.34303712E7,406929,31,2.012383512E7,609978,57,-0.3,-0.89,33.7,0,null,null,33.4,1.2375E10,32.6,33.5
0,20181114,31.9,33.5,31.9,33.0,21155,694575.0,16,32.830002,694415.0,21150,15,160.0,5,1,0.0,0.0,33.0,0,null,null,33.0,1.2375E10,32.5,33.5
0,20181115,33.4,33.6,33.4,33.6,2366,79263.6,14,33.5,78255.6,2336,13,1008.0,30,1,0.6,1.82,33.0,0,null,null,33.6,1.25625E10,32.6,33.5
0,20181116,33.5,33.7,33.1,33.1,873,29329.5,17,33.599998,27343.5,813,15,1986.0,60,2,-0.4,-1.19,33.5,0,null,null,33.1,1.245E10,32.6,33.8
0,20181119,33.0,33.0,33.0,33.0,2500,82500.0,4,33.0,0.0,0,0,82500.0,2500,4,-0.2,-0.6,33.2,0,null,null,33.0,1.2375E10,32.6,33.0
0,20181121,33.0,33.5,33.0,33.5,62518,2063765.5,58,33.009998,903056.5,27345,30,1160709.0,35173,28,0.5,1.52,33.0,0,null,null,33.5,1.2375E10,32.6,33.5
0,20181123,33.5,34.0,33.5,33.5,14230,479000.0,29,33.66,306142.8,9078,20,172857.2,5152,9,0.5,1.52,33.0,0,null,null,33.5,1.26E10,33.2,34.1
0,20181126,34.1,34.4,33.6,33.6,16848,571359.2,43,33.91,159932.0,4700,13,411768.2,12158,31,0.0,0.0,33.6,0,null,null,33.6,1.26375E10,33.0,34.4
0,20181127,34.4,34.4,33.7,33.7,1555,52741.0,5,33.919998,42631.0,1255,4,10110.0,300,1,0.0,0.0,33.7,0,null,null,33.7,1.27125E10,33.6,34.1
0,20181128,34.0,34.0,33.8,33.9,24965,844047.2,39,33.810001,263039.0,7776,19,581008.19,17189,20,0.0,0.0,33.9,0,null,null,33.9,1.27125E10,33.8,34.1
0,20181129,33.9,34.3,33.8,34.3,255511,8698664.8,59,34.040001,5298748.68,155160,38,3399916.19,100351,21,0.4,1.18,33.9,0,null,null,34.3,1.27875E10,34.0,34.3
0,20181130,34.3,35.5,34.1,35.5,186017,6446900.7,91,34.66,2601133.0,74179,76,3845767.63,111838,15,1.4,4.11,34.1,0,null,null,35.5,1.31625E10,34.6,35.7
0,20181203,35.7,36.4,35.7,35.9,84953,3058234.6,124,36.0,2341697.7,65014,75,716536.9,19939,49,0.8,2.28,35.1,0,null,null,35.9,1.35E10,35.5,36.1
0,20181204,36.1,37.4,35.5,37.0,106904,3885856.9,77,36.349998,3209770.3,88190,57,676086.6,18714,20,1.0,2.78,36.0,0,null,null,37.0,1.3725E10,36.2,37.5
0,20181205,37.5,42.0,37.0,39.2,369197,1.46157083E7,387,39.59,8376631.22,211828,223,6239077.04,157369,164,2.6,7.1,36.6,0,null,null,39.2,1.47375E10,38.8,41.0
0,20181206,40.5,40.5,38.9,39.5,47575,1871959.2,94,39.349998,734815.51,18568,47,1137143.71,29007,47,0.2,0.51,39.3,0,null,null,39.5,1.4775E10,39.2,39.6
0,20181207,39.2,39.2,37.5,37.5,18533,706727.9,71,38.130001,267041.9,7016,37,439686.0,11517,34,-1.9,-4.82,39.4,0,null,null,37.5,1.41375E10,36.9,39.0
0,20181210,37.7,39.0,37.7,37.9,8682,334629.6,36,38.540001,256188.6,6612,27,78441.0,2070,9,0.2,0.53,37.7,0,null,null,37.9,1.42125E10,37.8,39.2
0,20181211,38.2,38.2,36.9,36.9,24952,938522.0,55,37.610001,532935.0,14076,18,405587.0,10876,37,-1.0,-2.64,37.9,0,null,null,36.9,1.39125E10,36.9,38.0
0,20181212,37.0,38.2,36.9,38.0,104286,3955951.5,100,37.93,2281267.5,60148,60,1674684.01,44138,40,0.9,2.43,37.1,0,null,null,38.0,1.425E10,37.0,38.5
0,20181213,38.0,39.2,37.7,38.0,126098,4819555.5,98,38.220001,3481431.98,91103,57,1338123.5,34995,41,0.0,0.0,38.0,0,null,null,38.0,1.425E10,37.5,39.0
0,20181214,38.0,39.4,37.5,37.5,13689,519541.6,34,37.950001,299834.9,7888,19,219706.7,5801,15,-0.5,-1.32,38.0,0,null,null,37.5,1.42125E10,37.2,39.0
0,20181217,37.5,38.9,37.5,37.7,8702,329523.9,17,37.869999,206030.3,5451,12,123493.6,3251,5,-0.2,-0.53,37.9,0,null,null,37.7,1.41375E10,37.5,39.0
0,20181218,37.5,38.4,37.5,38.4,6087,232314.4,17,38.169998,145162.8,3793,7,87151.6,2294,10,0.7,1.86,37.7,0,null,null,38.4,1.44E10,37.6,39.0
0,20181219,37.6,39.0,30.7,37.2,71277504,2.1920000772E9,80,30.75,2.1916919038E9,71269138,53,308173.4,8366,27,-1.2,-3.13,38.4,0,null,null,37.2,1.4025E10,36.5,38.0
0,20181220,38.0,38.0,36.7,36.9,27750,1027524.8,59,37.029999,85755.5,2276,14,941769.3,25474,45,-0.5,-1.34,37.4,0,null,null,36.9,1.38E10,36.5,37.9
0,20181221,36.7,37.0,36.5,36.5,8199,299821.5,18,36.57,0.0,0,0,299821.5,8199,18,-0.3,-0.82,36.8,0,null,null,36.5,1.3725E10,36.3,38.0
0,20181224,37.0,37.5,37.0,37.5,15257,566359.0,30,37.119999,512820.0,13810,24,53539.0,1447,6,0.9,2.46,36.6,0,null,null,37.5,1.39125E10,37.0,38.7
0,20181226,38.4,40.0,37.9,39.2,88282,3451428.8,127,39.099998,2807700.54,71681,91,643728.3,16601,36,2.1,5.66,37.1,0,null,null,39.2,1.4775E10,39.1,39.7
0,20181227,39.7,40.0,39.4,39.9,22688,905639.0,36,39.919998,757701.0,18952,24,147938.0,3736,12,0.5,1.27,39.4,0,null,null,39.9,1.49625E10,39.3,40.0
0,20181228,39.3,42.9,39.3,42.5,138233,5696323.4,171,41.209999,5253265.31,127585,141,443058.1,10648,30,2.6,6.52,39.9,0,null,null,42.5,1.59E10,40.0,42.5
0,20181231,42.5,45.1,42.4,45.0,252009,1.12341125E7,424,44.580002,8092899.23,181457,297,3141213.29,70552,127,2.6,6.13,42.4,0,null,null,45.0,1.68E10,44.0,45.0
